Workbook

Sheet 백로그
A1: ID | B1: 분류 | C1: 작업 | D1: 우선순위 | E1: 담당 | F1: 스프린트 | G1: 완료
A2: FE-01 | B2: 공통 | C2: 프로젝트 셋업·반응형 레이아웃 | D2: P0 | F2: S1 | G2: FALSE
A3: FE-02 | B3: 공통 | C3: 하단 탭 내비게이션 (홈·병해충·조회수정·프로필) | D3: P0 | F3: S1 | G3: FALSE
A4: FE-03 | B4: 공통 | C4: API 연동 공통 처리 (토큰·에러) | D4: P0 | F4: S1 | G4: FALSE
A5: FE-04 | B5: 공통 | C5: 판정 상태 표시 컴포넌트 | D5: P0 | F5: S1 | G5: FALSE
A6: FE-05 | B6: 공통 | C6: 필지·구역 도형(SVG) 표시 컴포넌트 | D6: P0 | F6: S1 | G6: FALSE
A7: FE-06 | B7: 온보딩 | C7: 가입·로그인 화면 구현 (필지 선택 포함) | D7: P0 | F7: S3 | G7: FALSE
A8: FE-07 | B8: 온보딩 | C8: 온보딩 흐름·진입 제어 (완료 전 탭 잠금) | D8: P0 | F8: S3 | G8: FALSE
A9: FE-08 | B9: 온보딩 | C9: 주소 검색 화면 | D9: P0 | F9: S2 | G9: FALSE
A10: FE-09 | B10: 온보딩 | C10: 필지 선택·밭 등록 화면 | D10: P0 | F10: S2 | G10: FALSE
A11: FE-10 | B11: 온보딩 | C11: 구역 나누기 화면 (균등·비율) | D11: P0 | F11: S2 | G11: FALSE
A12: FE-11 | B12: 온보딩 | C12: 수동 구역 등록 (BE 결정에 따라) | D12: 미확정 | F12: 미정 | G12: FALSE
A13: FE-12 | B13: 온보딩 | C13: 과거 살포 입력·누락 없음 확인 | D13: P0 | F13: S2 | G13: FALSE
... A32: FE-31 | B32: QA | C32: 모바일 QA | D32: P0 | F32: S3 | G32: FALSE

Sheet 요약
A1: 팜가디언 FE 백로그 현황
A2: 숫자는 '백로그' 시트에서 자동 계산된다.
A4: 스프린트 | B4: 전체 | C4: 완료 | D4: 진행률
A5: S1 | B5: =COUNTIF(백로그!$F$2:$F$300,A5) -> 6 | C5: =COUNTIFS(백로그!$F$2:$F$300,A5,백로그!$G$2:$G$300,TRUE) -> 0 | D5: =IFERROR(C5/B5,0) -> 0
A6: S2 | B6: =COUNTIF(백로그!$F$2:$F$300,A6) -> 15 | C6: =COUNTIFS(백로그!$F$2:$F$300,A6,백로그!$G$2:$G$300,TRUE) -> 0 | D6: =IFERROR(C6/B6,0) -> 0
A7: S3 | B7: =COUNTIF(백로그!$F$2:$F$300,A7) -> 9 | C7: =COUNTIFS(백로그!$F$2:$F$300,A7,백로그!$G$2:$G$300,TRUE) -> 0 | D7: =IFERROR(C7/B7,0) -> 0
A8: 미정 | B8: =COUNTIF(백로그!$F$2:$F$300,A8) -> 1 | C8: =COUNTIFS(백로그!$F$2:$F$300,A8,백로그!$G$2:$G$300,TRUE) -> 0 | D8: =IFERROR(C8/B8,0) -> 0
A9: 전체 | B9: =COUNTA(백로그!$A$2:$A$300) -> 31 | C9: =COUNTIF(백로그!$G$2:$G$300,TRUE) -> 0 | D9: =IFERROR(C9/B9,0) -> 0
A11: 스프린트 \ 우선순위 | B11: P0 | C11: P1 | D11: P2 | E11: 미확정 | F11: 합계
A12: S1 | B12: =COUNTIFS(백로그!$F$2:$F$300,$A12,백로그!$D$2:$D$300,B$11) -> 6 | C12: =COUNTIFS(백로그!$F$2:$F$300,$A12,백로그!$D$2:$D$300,C$11) -> 0 | D12: =COUNTIFS(백로그!$F$2:$F$300,$A12,백로그!$D$2:$D$300,D$11) -> 0 | E12: =COUNTIFS(백로그!$F$2:$F$300,$A12,백로그!$D$2:$D$300,E$11) -> 0 | F12: =SUM(B12:E12) -> 6
A13: S2 | B13: =COUNTIFS(백로그!$F$2:$F$300,$A13,백로그!$D$2:$D$300,B$11) -> 15 | C13: =COUNTIFS(백로그!$F$2:$F$300,$A13,백로그!$D$2:$D$300,C$11) -> 0 | D13: =COUNTIFS(백로그!$F$2:$F$300,$A13,백로그!$D$2:$D$300,D$11) -> 0 | E13: =COUNTIFS(백로그!$F$2:$F$300,$A13,백로그!$D$2:$D$300,E$11) -> 0 | F13: =SUM(B13:E13) -> 15
A14: S3 | B14: =COUNTIFS(백로그!$F$2:$F$300,$A14,백로그!$D$2:$D$300,B$11) -> 9 | C14: =COUNTIFS(백로그!$F$2:$F$300,$A14,백로그!$D$2:$D$300,C$11) -> 0 | D14: =COUNTIFS(백로그!$F$2:$F$300,$A14,백로그!$D$2:$D$300,D$11) -> 0 | E14: =COUNTIFS(백로그!$F$2:$F$300,$A14,백로그!$D$2:$D$300,E$11) -> 0 | F14: =SUM(B14:E14) -> 9
A15: 미정 | B15: =COUNTIFS(백로그!$F$2:$F$300,$A15,백로그!$D$2:$D$300,B$11) -> 0 | C15: =COUNTIFS(백로그!$F$2:$F$300,$A15,백로그!$D$2:$D$300,C$11) -> 0 | D15: =COUNTIFS(백로그!$F$2:$F$300,$A15,백로그!$D$2:$D$300,D$11) -> 0 | E15: =COUNTIFS(백로그!$F$2:$F$300,$A15,백로그!$D$2:$D$300,E$11) -> 1 | F15: =SUM(B15:E15) -> 1
A16: 합계 | B16: =SUM(B12:B15) -> 30 | C16: =SUM(C12:C15) -> 0 | D16: =SUM(D12:D15) -> 0 | E16: =SUM(E12:E15) -> 1 | F16: =SUM(F12:F15) -> 31
A17: 검산 | B17: =IF(AND(F16=B9,SUM(B5:B8)=B9),"일치","불일치") -> 일치
A19: 안내
A20: 우선순위: P0 첫 버전 필수 · P1 P0 후 검토 · P2 고도화 · 미확정 확인 후 결정
A21: 완료: 체크하면 행이 초록색. 체크박스는 Microsoft 365 엑셀에서 보이고, 이전 버전에서는 TRUE/FALSE로 보인다
A22: 새 작업: 마지막 행을 복사해 아래에 붙여넣고 ID를 다음 번호로 (체크박스도 같이 복사됨). 목록 밖 값이면 검산이 '불일치'
A23: 담당은 프론트 팀이 채운다. 스프린트는 BE 실제 API가 나오는 스프린트 기준 제안값. 탭: 홈·병해충·조회수정·프로필, 첫 사용은 온보딩
A24: 기준: PRD.md, docs/dev 설계 문서 (2026-10-11 개정)
