Workbook

Sheet 백로그
A1: ID | B1: 분류 | C1: 작업 | D1: 우선순위 | E1: 담당 | F1: 스프린트 | G1: 완료
A2: BE-01 | B2: 준비 | C2: 외부 API 키 신청 (도로명주소·팜맵·기상청·PSIS·NCPMS) | D2: P0 | E2: 준혁 | F2: S1 | G2: FALSE
A3: BE-02 | B3: 준비 | C3: 카카오 개발자 앱 등록 (불필요: 카카오 로그인 제거, 행 삭제 필요) | D3: P0 | E3: 준혁 | F3: S1 | G3: FALSE
A4: BE-03 | B4: 준비 | C4: git 저장소 준비 | D4: P0 | E4: 준혁 | F4: S1 | G4: TRUE
A5: BE-04 | B5: 준비 | C5: FastAPI 프로젝트 골격 | D5: P0 | E5: 준혁 | F5: S1 | G5: TRUE
A6: BE-05 | B6: 준비 | C6: 개발 DB 구축 (PostgreSQL + PostGIS) | D6: P0 | E6: DB | F6: S1 | G6: FALSE
A7: BE-06 | B7: 준비 | C7: 테스트 DB 환경 구성 | D7: P0 | E7: DB | F7: S1 | G7: FALSE
A8: BE-07 | B8: 조사 | C8: PSIS 샘플 데이터 조사 | D8: P0 | E8: 혜빈님 | F8: S1 | G8: FALSE
A9: BE-08 | B9: 조사 | C9: NCPMS 샘플 데이터 조사 | D9: P0 | E9: 혜빈님 | F9: S1 | G9: FALSE
A10: BE-09 | B10: 조사 | C10: 팜맵 실호출 검증 | D10: P0 | E10: 혜빈님 | F10: S1 | G10: FALSE
A11: BE-10 | B11: 조사 | C11: 성분 단위 합산 규정 확인 | D11: P0 | E11: 준혁 | F11: S3 | G11: FALSE
A12: BE-11 | B12: 조사 | C12: 다작용점 약제 처리 확인 | D12: P1 | E12: 준혁 | F12: 미정 | G12: FALSE
A13: BE-12 | B13: 공통 | C13: DB 스키마·마이그레이션 작성 | D13: P0 | E13: DB | F13: S1 | G13: FALSE
... A55: BE-54 | B55: 협의 | C55: 면책·팜맵 안내 문구 확정 | D55: P0 | E55: 혜빈님 | F55: S2 | G55: FALSE

Sheet 요약
A1: 팜가디언 BE 백로그 현황
A2: 숫자는 '백로그' 시트에서 자동 계산된다.
A4: 스프린트 | B4: 전체 | C4: 완료 | D4: 진행률
A5: S1 | B5: =COUNTIF(백로그!$F$2:$F$300,A5) -> 20 | C5: =COUNTIFS(백로그!$F$2:$F$300,A5,백로그!$G$2:$G$300,TRUE) -> 2 | D5: =IFERROR(C5/B5,0) -> 0.1
A6: S2 | B6: =COUNTIF(백로그!$F$2:$F$300,A6) -> 19 | C6: =COUNTIFS(백로그!$F$2:$F$300,A6,백로그!$G$2:$G$300,TRUE) -> 0 | D6: =IFERROR(C6/B6,0) -> 0
A7: S3 | B7: =COUNTIF(백로그!$F$2:$F$300,A7) -> 13 | C7: =COUNTIFS(백로그!$F$2:$F$300,A7,백로그!$G$2:$G$300,TRUE) -> 0 | D7: =IFERROR(C7/B7,0) -> 0
A8: 미정 | B8: =COUNTIF(백로그!$F$2:$F$300,A8) -> 2 | C8: =COUNTIFS(백로그!$F$2:$F$300,A8,백로그!$G$2:$G$300,TRUE) -> 0 | D8: =IFERROR(C8/B8,0) -> 0
A9: 전체 | B9: =COUNTA(백로그!$A$2:$A$300) -> 54 | C9: =COUNTIF(백로그!$G$2:$G$300,TRUE) -> 2 | D9: =IFERROR(C9/B9,0) -> 0.037037037
A11: 스프린트 \ 담당 | B11: 준혁 | C11: 혜빈님 | D11: 공동 | E11: DB | F11: 합계
A12: S1 | B12: =COUNTIFS(백로그!$F$2:$F$300,$A12,백로그!$E$2:$E$300,B$11) -> 12 | C12: =COUNTIFS(백로그!$F$2:$F$300,$A12,백로그!$E$2:$E$300,C$11) -> 5 | D12: =COUNTIFS(백로그!$F$2:$F$300,$A12,백로그!$E$2:$E$300,D$11) -> 0 | E12: =COUNTIFS(백로그!$F$2:$F$300,$A12,백로그!$E$2:$E$300,E$11) -> 3 | F12: =SUM(B12:E12) -> 20
A13: S2 | B13: =COUNTIFS(백로그!$F$2:$F$300,$A13,백로그!$E$2:$E$300,B$11) -> 12 | C13: =COUNTIFS(백로그!$F$2:$F$300,$A13,백로그!$E$2:$E$300,C$11) -> 7 | D13: =COUNTIFS(백로그!$F$2:$F$300,$A13,백로그!$E$2:$E$300,D$11) -> 0 | E13: =COUNTIFS(백로그!$F$2:$F$300,$A13,백로그!$E$2:$E$300,E$11) -> 0 | F13: =SUM(B13:E13) -> 19
A14: S3 | B14: =COUNTIFS(백로그!$F$2:$F$300,$A14,백로그!$E$2:$E$300,B$11) -> 10 | C14: =COUNTIFS(백로그!$F$2:$F$300,$A14,백로그!$E$2:$E$300,C$11) -> 2 | D14: =COUNTIFS(백로그!$F$2:$F$300,$A14,백로그!$E$2:$E$300,D$11) -> 1 | E14: =COUNTIFS(백로그!$F$2:$F$300,$A14,백로그!$E$2:$E$300,E$11) -> 0 | F14: =SUM(B14:E14) -> 13
A15: 미정 | B15: =COUNTIFS(백로그!$F$2:$F$300,$A15,백로그!$E$2:$E$300,B$11) -> 1 | C15: =COUNTIFS(백로그!$F$2:$F$300,$A15,백로그!$E$2:$E$300,C$11) -> 1 | D15: =COUNTIFS(백로그!$F$2:$F$300,$A15,백로그!$E$2:$E$300,D$11) -> 0 | E15: =COUNTIFS(백로그!$F$2:$F$300,$A15,백로그!$E$2:$E$300,E$11) -> 0 | F15: =SUM(B15:E15) -> 2
A16: 합계 | B16: =SUM(B12:B15) -> 35 | C16: =SUM(C12:C15) -> 15 | D16: =SUM(D12:D15) -> 1 | E16: =SUM(E12:E15) -> 3 | F16: =SUM(F12:F15) -> 54
A17: 검산 | B17: =IF(AND(F16=B9,SUM(B5:B8)=B9),"일치","불일치") -> 일치
A19: 안내
A20: 우선순위: P0 첫 버전 필수 · P1 P0 후 검토 · P2 고도화 · 미확정 확인 후 결정
A21: 완료: 체크하면 행이 초록색. 체크박스는 Microsoft 365 엑셀에서 보이고, 이전 버전에서는 TRUE/FALSE로 보인다
A22: 새 작업: 마지막 행을 복사해 아래에 붙여넣고 ID를 다음 번호로 (체크박스도 같이 복사됨). 목록 밖 값이면 검산이 '불일치'
A23: 스프린트 3개: S1 = 준비·조사·계약·판정 기초, S2 = 판정·적재·밭/구역·기록, S3 = 병해충·로그인·탈퇴·날씨·QA
A24: 기준: PRD.md, docs/dev 설계 문서 (2026-10-11 개정)
